Average of ACT Comp,College Ready,GPA,CUM Credit,Credit completion rate,Prmry EFC,Highest parental ed level,Sex,Ethnicity/Race,Age,Sum of GE Earned,GE GPA,WBLO?,Average testlet score,Dummy ID
17,0%,0.529,7,33.30%,0,College,F,White,19,0,0,N,65.20%,2620274108
12,0%,0.474,9,40.90%,0,College,F,Black/African American,28,0,0,N,65.30%,8177824911
18.5,50%,1,7,43.80%,0,College,F,White,19,4,0.4,N,63.90%,4604088898
16,17%,0.947,10,37.00%,0,College,F,White,19,6,0.46,N,62.50%,1088239204
16,18%,0.952,11,40.70%,0,College,F,White,19,3,0.46,N,76.00%,5350153593
17,44%,0.813,10,31.80%,8722,College,F,White,19,6,0.6,N,84.70%,5122571294
19,29%,1,8,27.60%,5860,College,U,White,19,3,0.6,N,68.30%,5874467418
,60%,1.143,12,33.30%,6013,College,F,White,19,6,0.83,N,67.70%,7847031496
,33%,1.25,22,84.60%,0,College,F,Black/African American,20,18,0.89,N,58.30%,6371273390
,0%,0.6,46,35.70%,0,College,F,Black/African American,21,6,1,N,49.30%,3486526107
24.5,100%,2.323,81,69.80%,0,College,F,White,25,9,1,N,78.10%,8033878017
20,38%,2.333,32,74.40%,0,College,F,White,21,19,1.18,N,66.90%,9507047597
17,20%,2.238,87.6,71.60%,0,College,F,White,26,19,1.21,N,68.20%,8223366750
,17%,1.714,39,52.30%,0,College,F,Black/African American,29,12,1.23,N,75.10%,2680688029
21,100%,1.656,22,68.80%,0,College,M,White,18,13,1.26,Y,81.10%,5925738392
20,50%,1.531,29,63.00%,27509,College,M,White,20,22,1.28,N,75.00%,1501788282
20,71%,2.526,57,87.70%,0,College,F,White,31,23,1.29,N,71.70%,8410740069
16,29%,1.474,16,52.00%,3855,College,F,White,19,6,1.33,N,65.20%,5687318797
19,36%,0.875,7,43.80%,3252,College,M,White,19,6,1.33,N,62.10%,6480905200
,50%,2.108,111,67.70%,0,College,F,White,27,15,1.41,N,74.30%,4197082279
17,29%,1.846,30,42.30%,0,College,F,Black/African American,27,3,1.5,N,62.50%,3895833855
21,67%,2,15,71.40%,1425,College,F,White,18,12,1.5,N,73.40%,5304680931
22.5,86%,1.435,20,53.80%,0,College,F,White,18,12,1.5,N,78.10%,6900492476
26,80%,1.783,26,56.50%,0,College,F,White,23,10,1.6,N,74.10%,9258880510
20,67%,2,30,71.40%,0,College,M,Non Specified,20,9,1.67,N,70.40%,3112716290
,17%,2.194,40.4,77.10%,0,College,F,American Indian/Alaska Native,35,16,1.68,N,69.00%,8606123320
,0%,2.857,33,73.30%,0,College,F,White,23,15,1.71,N,78.50%,4094259196
18,60%,2.143,18,85.70%,2067,College,F,White,19,15,1.71,N,71.30%,8268126271
21,100%,2.2,52,89.70%,0,College,F,White,21,40,1.74,N,81.90%,9307061158
20,67%,1.8,34,55.20%,6820,College,F,White,18,9,1.75,N,81.80%,8621822469
20,40%,1.821,34,90.30%,19973,College,U,White,20,12,1.75,N,72.00%,9416570150
,40%,1.813,10,40.00%,0,College,F,White,21,7,1.77,N,72.30%,4021840846
16.5,15%,1.786,31,91.20%,262,College,F,White,30,10,1.77,N,82.40%,9948958631
16,33%,2.333,21,72.40%,0,College,F,Two or More Races,18,12,1.8,N,75.60%,3623771716
,13%,1.873,55,62.50%,0,College,F,White,30,31,1.83,N,74.00%,1037021178
15,0%,2.435,32,84.20%,0,College,F,Asian,24,15,1.83,N,64.90%,8087056449
22,75%,1.889,42,76.40%,1,College,F,Two or More Races,19,33,1.86,N,83.30%,7182945220
21.66666667,92%,2.229,67,90.50%,5347,College,F,White,21,55,1.88,N,67.20%,9482994943
19.5,71%,2.209,57.2,81.50%,4070,College,M,White,22,36,1.93,N,76.30%,4380210571
,50%,1.884,41,87.20%,11301,College,F,White,19,28,1.94,N,71.70%,5041862925
15,0%,2.679,28,68.30%,1685,College,F,Black/African American,21,15,1.96,N,66.10%,6170680838
18,25%,1.842,34,58.30%,11587,College,F,White,20,13,2,N,83.30%,1234706544
,33%,2.231,58,100.00%,0,College,F,White,38,7,2,N,63.80%,2293398249
16,38%,3.267,15,71.40%,0,College,F,White,21,12,2,Y,64.90%,3100979786
18,0%,2.412,23,88.50%,67041,College,M,White,19,9,2,N,71.60%,3242767752
,0%,2,27,87.50%,173,College,F,White,20,6,2,N,71.40%,4442525116
,13%,2.838,74,92.50%,56252,College,M,Non Specified,20,15,2,Y,71.10%,4456174207
20,67%,2.333,13,100.00%,2264,College,M,White,19,6,2,N,77.10%,7169489029
,0%,2.726,122,69.90%,0,College,F,Black/African American,47,48,2,N,69.60%,7208725201
20,60%,2.057,41,91.40%,7075,College,M,White,19,26,2,N,73.60%,7903800890
15.66666667,10%,2.672,62,74.70%,0,College,F,White,24,10,2.06,Y,84.70%,4407812307
21,56%,2.509,55,94.80%,1987,College,F,White,20,46,2.13,N,80.10%,5732104795
16,0%,2.75,30,83.30%,27337,College,F,White,19,15,2.14,N,67.50%,6845781314
,0%,2.167,99.9,81.00%,0,College,F,Black/African American,24,48,2.15,N,64.30%,8321902291
20.5,67%,2.083,36,85.70%,23491,College,F,White,19,20,2.15,N,70.60%,8165097205
18.66666667,44%,2.5,24,100.00%,2820,College,F,Two or More Races,19,18,2.17,N,74.80%,7647517941
22,100%,2.478,81.2,95.80%,0,College,F,White,24,45,2.19,Y,76.60%,3423210768
18,31%,2.163,43,64.20%,0,College,F,White,36,12,2.2,N,74.10%,2558683794
19,50%,2.111,24,68.60%,13115,College,M,White,20,15,2.2,N,70.70%,7121815941
19,33%,2.557,98,89.10%,203,College,F,White,24,28,2.21,N,67.90%,4979729158
19,33%,3.083,54,81.80%,0,College,F,White,22,25,2.21,N,82.00%,6195523166
20,67%,2.711,86,92.70%,0,College,F,White,27,14,2.21,Y,80.00%,9629969420
,50%,2.269,64,84.20%,13408,College,M,White,21,46,2.23,N,72.60%,5766098757
,75%,3,47,76.30%,0,College,F,White,36,9,2.25,N,61.90%,1103054216
,20%,2.868,53,100.00%,12107,College,F,White,20,12,2.25,N,70.40%,2493427076
24.5,86%,2.732,41,77.40%,1339,College,M,White,20,30,2.27,N,80.50%,7461212722
21,100%,2.59,39,100.00%,10999,College,M,White,19,32,2.28,N,69.40%,7198175477
23,83%,2.436,76,94.50%,61933,College,F,White,20,28,2.29,N,81.30%,3868860374
20,100%,2.568,37,84.10%,61294,College,M,White,20,30,2.3,N,68.30%,4390737720
15.5,21%,2.519,27,77.10%,27521,College,F,White,21,29,2.31,N,73.60%,9955106198
19,75%,2.529,88,88.90%,0,College,F,White,23,44,2.32,Y,73.80%,1691091595
20,50%,2.571,28,90.30%,0,College,M,White,18,18,2.33,N,61.60%,1348591872
17,43%,2.407,42.2,66.80%,2589,College,M,White,21,15,2.33,N,66.60%,5039078935
,,3.346,168,100.00%,0,College,F,Black/African American,48,9,2.33,Y,74.40%,6160685199
,50%,2.286,18,85.70%,83,College,F,Two or More Races,23,15,2.33,N,75.50%,8843678408
22,50%,2.25,13,39.40%,0,College,F,White,19,6,2.33,N,74.10%,9078226673
16,10%,2.712,68.9,69.50%,4105,College,F,White,24,56,2.35,N,80.90%,8949342885
14,13%,2.44,25,100.00%,0,College,M,Black/African American,20,24,2.38,N,61.00%,3909081881
,30%,2.542,63,70.00%,0,College,F,White,41,30,2.38,N,73.50%,6783641879
20,67%,2.805,113.5,88.30%,1436,College,F,White,32,25,2.39,Y,73.80%,7040343908
17.66666667,22%,2.692,26,100.00%,9880,College,F,White,18,15,2.4,N,79.40%,5580949371
30,100%,3.111,52,81.80%,233,College,F,White,21,24,2.4,N,52.90%,6817040716
19.25,69%,2.579,38,90.50%,4375,College,F,White,19,25,2.48,N,80.50%,3535220870
,33%,3,19,100.00%,0,College,F,White,25,6,2.5,N,74.20%,1084994133
16,38%,2.8,37,63.00%,3506,College,F,White,26,15,2.5,N,83.80%,2851720215
19.33333333,36%,2.5,34,91.90%,8414,College,F,White,18,24,2.5,N,89.60%,4639785040
18,33%,2.912,36,100.00%,1907,College,M,White,19,6,2.5,N,76.20%,5780503346
22,75%,2.292,24,82.80%,4294,College,M,White,19,12,2.5,N,76.80%,5837101280
19.5,75%,2.231,25,75.90%,0,College,M,White,19,12,2.5,N,63.90%,7604892887
19,14%,3.222,54,90.00%,0,College,F,White,24,33,2.51,N,72.50%,2786016897
19.5,38%,2.838,44,100.00%,11863,College,F,White,20,19,2.53,N,77.00%,9362780085
16.25,11%,2.947,85,93.40%,7403,College,U,White,29,28,2.54,N,80.00%,5335461764
22,67%,2.4,38,100.00%,0,College,F,White,18,22,2.55,N,78.40%,7989879662
,0%,2.424,39,100.00%,0,College,F,White,36,21,2.57,N,70.80%,1914709589
23,100%,2.703,63,90.00%,0,College,F,White,21,45,2.58,Y,79.20%,5746819752
17,0%,3.156,32,100.00%,2493,College,F,White,19,15,2.6,N,73.30%,2799386169
16,17%,2.714,24,100.00%,3792,College,M,Black/African American,19,15,2.6,N,75.00%,3668618965
18,25%,3.429,27,64.30%,2216,College,F,White,23,12,2.6,N,79.70%,5100772366
13,0%,2.8,61,67.90%,0,College,M,Black/African American,26,36,2.62,N,70.60%,6608438054
24,100%,2.803,58,95.10%,3636,College,F,White,20,49,2.62,N,69.90%,4012576297
,0%,3.167,81,100.00%,0,College,F,White,35,16,2.63,N,53.20%,8913464365
22.5,83%,2.87,23,79.30%,31330,College,F,White,18,19,2.63,N,77.60%,2175324837
20,67%,2.6,25,89.30%,6466,College,M,White,19,19,2.63,N,72.60%,4110833966
15,7%,2.624,96,77.90%,0,College,F,Non Specified,28,23,2.65,Y,81.10%,2266931912
20,71%,2.875,65,100.00%,0,College,F,White,20,46,2.65,N,78.30%,2832125365
23,75%,3.254,116,97.50%,0,College,M,White,23,46,2.65,N,84.10%,3891425135
,33%,2.81,30,90.00%,0,College,M,Two or More Races,26,9,2.67,N,77.80%,1243077857
15,43%,3,18,72.00%,7079,College,M,White,20,15,2.67,N,81.20%,6436574359
19,22%,2.714,33,100.00%,4730,College,F,White,19,9,2.67,N,64.80%,8249514492
,20%,2.6,15,71.40%,0,College,F,White,40,9,2.67,N,64.30%,8744380573
16,14%,2.679,61,100.00%,0,College,M,White,23,43,2.67,N,58.30%,6273979616
23,100%,2.981,83,92.90%,2900,College,F,White,23,47,2.68,N,73.00%,4738937872
19,46%,2.659,44,100.00%,0,College,F,White,19,38,2.68,N,84.60%,8978184215
23,100%,2.651,63,87.50%,38731,College,F,White,20,34,2.71,N,76.40%,3734850025
18,50%,2.864,97,71.90%,1330,College,F,White,32,22,2.73,N,62.90%,8970361416
19,67%,3.25,24,100.00%,0,College,M,White,18,12,2.75,N,68.60%,9682014422
,0%,3,59,73.80%,0,College,M,Black/African American,37,37,2.76,N,64.80%,6751594074
,100%,3.018,80,100.00%,62229,College,F,White,19,42,2.76,Y,72.10%,8625859855
,75%,2.874,88,87.10%,0,College,F,White,22,47,2.77,Y,79.90%,3638173041
23,60%,3,28,87.50%,16269,College,M,White,19,22,2.77,N,80.10%,2296136837
,14%,3.323,96,76.20%,0,College,F,Black/African American,52,32,2.78,N,75.70%,8089534721
16,27%,3.141,103,74.60%,0,College,F,White,27,28,2.79,N,82.60%,8503862999
14,8%,2.85,23,100.00%,8971,College,F,White,18,15,2.8,N,5.70%,5896589495
19,0%,2.87,38,100.00%,0,College,M,White,26,15,2.8,N,72.60%,7254740567
21,40%,3.205,81,93.10%,0,College,F,White,22,48,2.81,N,72.30%,8456873393
22.33333333,100%,2.703,72,91.40%,10654,College,F,White,20,38,2.82,Y,80.20%,5547193713
15,0%,3,29,100.00%,24406,College,F,White,18,18,2.83,N,55.60%,5014693987
21.5,86%,2.75,38,100.00%,8308,College,M,Asian,19,23,2.87,N,68.70%,5614033180
20.33333333,100%,2.71,31,83.80%,0,College,F,White,19,24,2.88,N,81.30%,5468683042
17,0%,2.8,30,100.00%,352,College,F,White,19,16,2.88,N,70.90%,9412056906
18,40%,3.158,60,95.20%,17982,College,F,Two or More Races,24,24,2.88,Y,67.70%,9781295594
21,100%,3.088,34,100.00%,7815,College,M,White,19,28,2.89,N,52.40%,9292880239
19,71%,2.984,62,100.00%,28870,College,F,White,21,49,2.9,N,82.30%,6646140563
20,57%,2.477,81,68.10%,0,College,F,Two or More Races,34,30,2.91,N,76.00%,8753325080
19,57%,3.078,77,96.30%,0,College,F,White,21,57,2.92,N,75.10%,3612864314
23,100%,3.032,31,100.00%,20,College,M,White,19,28,2.93,N,71.70%,5944750175
,0%,3.377,62,86.10%,0,College,F,White,29,20,2.95,N,69.70%,7352161322
19,50%,2.895,76,96.20%,16879,College,F,White,20,49,2.96,Y,70.60%,3584726182
21,83%,3.073,87,88.70%,12114,College,F,White,20,52,2.96,N,76.40%,8139384537
18,33%,3.076,64,94.10%,0,College,F,White,20,49,2.96,N,34.70%,8496981498
,0%,3.128,47,94.00%,0,College,F,White,36,30,2.97,N,67.80%,8394745085
17.25,22%,2.989,101,97.10%,60,College,F,White,23,74,2.99,N,77.70%,1711277767
,0%,2.615,20,64.50%,10898,College,F,White,19,3,3,Y,70.10%,1137285241
19,33%,2.5,23,88.50%,6551,College,M,White,19,9,3,N,76.30%,2501346002
18,38%,3.143,42,100.00%,21228,College,F,White,20,33,3,N,70.50%,3270405452
22.25,83%,3.25,30,88.90%,12233,College,M,White,18,18,3,N,75.80%,3487117111
15,14%,3.5,13,100.00%,0,College,M,White,20,3,3,N,66.50%,3569527138
17,20%,3.606,74,100.00%,2090,College,M,White,19,15,3,Y,68.20%,4662652843
,17%,1.5,3,50.00%,6100,College,F,Black/African American,22,3,3,N,69.30%,4744254518
,33%,3.375,19,100.00%,0,College,F,White,44,6,3,N,77.80%,5285671203
19.5,40%,3.206,37,100.00%,11818,College,M,White,19,6,3,N,76.30%,5586528030
,0%,2.833,135.4,100.00%,437,College,F,White,37,4,3,N,78.20%,5972284111
19,33%,3,15,100.00%,2822,College,M,Black/African American,18,9,3,N,45.80%,6006650016
13,20%,2.941,21,72.40%,0,College,F,White,19,6,3,N,70.50%,7303862305
17,50%,2.833,18,75.00%,0,College,M,White,18,12,3,N,67.80%,7907492602
,,3.346,85,96.60%,3888,College,F,Non Specified,55,3,3,N,71.50%,8308640655
23,100%,3.045,22,88.00%,0,College,F,White,19,15,3,N,80.70%,8470836626
,60%,2.973,79,86.90%,0,College,F,White,30,40,3.05,Y,78.40%,9148110459
,33%,3.172,33,73.30%,0,College,M,White,38,16,3.06,N,70.80%,7050333721
26,100%,3.48,72,94.40%,16463,College,F,White,20,28,3.07,N,75.80%,6560746479
15,18%,3.289,77,80.20%,0,College,F,White,29,13,3.08,N,62.80%,4537687279
,67%,3.338,71,84.50%,1993,College,M,White,47,31,3.09,N,75.30%,3846899488
21.5,67%,3.414,90.5,87.10%,407,College,F,White,24,32,3.13,Y,73.80%,5063769257
,0%,2.905,33,80.50%,0,College,F,White,22,16,3.13,N,62.90%,6300529782
21,50%,3.154,75,95.60%,0,College,F,White,21,29,3.14,N,82.90%,2047518176
26,100%,2.889,33,80.00%,16292,College,M,White,19,21,3.14,N,50.00%,1281938257
,0%,3.409,85,87.50%,0,College,F,Hispanic/Latino,34,18,3.14,N,65.60%,2854695394
18,20%,3.22,108.7,100.00%,0,College,M,White,23,38,3.16,Y,71.60%,3828292645
19,44%,3.24,25,100.00%,3173,College,F,White,18,19,3.16,N,76.10%,4988556042
14,9%,3.204,58,86.60%,56,College,F,Two or More Races,31,25,3.16,N,77.80%,8766511279
22.66666667,89%,3.109,185,100.00%,5722,College,F,White,27,28,3.18,N,74.50%,1640237555
18,38%,3.209,42.7,87.70%,0,College,M,White,23,27,3.18,N,74.10%,5614644041
20,36%,3.418,61,95.30%,0,College,F,White,26,45,3.21,N,78.00%,8801073053
,50%,3.338,68,78.20%,0,College,F,White,44,42,3.21,N,78.10%,2317981735
25,100%,3.184,55,87.50%,0,College,F,White,19,28,3.21,N,82.50%,8114599262
20,11%,3.103,82.3,91.40%,0,College,F,White,21,59,3.22,N,75.20%,6100087809
,25%,2.682,90,83.00%,0,College,F,White,41,26,3.23,Y,64.10%,7847247189
,67%,3.512,65,100.00%,1173,College,F,White,31,38,3.24,N,73.60%,5918938847
18,43%,3.389,112,88.90%,0,College,F,White,24,71,3.24,Y,81.90%,2983868030
30,100%,3.464,37,75.70%,15639,College,F,White,19,16,3.25,N,81.20%,2228567007
17.33333333,30%,2.974,62.5,100.00%,0,College,F,White,20,20,3.25,N,76.60%,3856482218
,,3.2,29,100.00%,65770,College,M,White,19,12,3.25,N,69.70%,7808464419
26,100%,3.76,64,68.50%,0,College,F,White,22,42,3.25,N,74.80%,8217034534
27,100%,3.406,47,88.90%,4833,College,F,Hispanic/Latino,19,26,3.27,N,75.10%,5156878574
18,57%,3.231,26,100.00%,9567,College,F,White,19,22,3.27,N,71.20%,1891846060
24,100%,3.375,24,100.00%,32787,College,F,White,18,21,3.29,N,76.60%,2712085950
,100%,3.4,27,90.00%,4722,College,F,White,19,18,3.29,N,67.40%,6019614379
,38%,3.094,82,78.10%,0,College,F,White,29,58,3.29,N,81.50%,9013013827
,33%,3.221,94,95.80%,0,College,F,White,24,30,3.3,Y,86.10%,3381924255
13,0%,3.211,74,88.10%,47815,College,M,White,20,30,3.3,N,66.00%,4915268361
16,0%,3.818,90.2,100.00%,4806,College,M,White,48,10,3.3,N,72.80%,6162264700
21,50%,2.975,83,83.80%,0,College,F,White,27,13,3.31,N,76.50%,3138394038
20,40%,3.506,83,100.00%,100,College,F,White,22,37,3.32,N,77.80%,6571420520
,0%,3.429,85,70.20%,537,College,F,White,30,55,3.33,N,81.90%,1088774570
,,3,68,85.70%,0,College,F,White,40,27,3.33,N,80.80%,2812958697
,0%,3.647,21,87.50%,4046,College,F,White,20,9,3.33,N,73.50%,3075227848
,20%,3.684,38,100.00%,273,College,M,Black/African American,32,9,3.33,N,72.50%,8819447175
29,100%,3.375,156,100.00%,0,College,F,Hispanic/Latino,24,17,3.35,N,69.10%,2040106508
19,57%,3.5,28,90.30%,2015,College,F,White,19,22,3.36,N,67.20%,3832141850
22.66666667,78%,3.485,68,100.00%,20627,College,F,White,21,46,3.39,N,80.90%,8777173806
,100%,3.611,107,97.00%,0,College,F,White,21,43,3.42,Y,76.50%,5359294214
19,40%,3.699,109,94.80%,20187,College,M,White,23,55,3.44,N,75.20%,5805333085
,100%,3.364,33,100.00%,0,College,F,White,27,27,3.44,N,79.20%,5805851399
20,86%,3.483,60,90.90%,2242,College,F,White,19,38,3.45,N,83.60%,8823671896
,0%,3.146,52,100.00%,0,College,F,White,34,26,3.46,Y,75.70%,9719772470
21,60%,3.658,76,82.60%,50,College,M,White,22,49,3.49,N,67.00%,7688459827
,67%,2.667,30,81.10%,4154,College,F,White,40,6,3.5,N,75.90%,2020351413
,33%,2.958,23,88.50%,5128,College,M,White,38,6,3.5,N,76.60%,5345555015
20,80%,3.429,21,100.00%,0,College,U,White,38,12,3.5,N,83.70%,5913024009
20,75%,3.065,30,88.20%,414,College,F,Black/African American,18,12,3.5,Y,55.30%,7007433714
,33%,3.6,15,83.30%,0,College,F,White,31,12,3.5,N,81.90%,9840832933
,20%,3.5,21,87.50%,0,College,F,White,34,12,3.5,N,73.30%,9899285898
,40%,3.795,84,93.30%,0,College,F,White,35,49,3.51,N,79.50%,8342757540
22,63%,3.301,103,84.40%,6539,College,F,Hispanic/Latino,26,45,3.51,Y,68.10%,2452517420
19.5,44%,3.495,104,90.90%,0,College,F,Black/African American,28,73,3.53,Y,67.60%,9892543895
22,87%,3.476,45,80.80%,10015,College,F,White,18,29,3.55,Y,69.40%,2960169790
18.5,43%,3.594,108,100.00%,22340,College,F,White,22,47,3.55,N,71.70%,2566575265
,25%,3.6,69,85.20%,0,College,F,White,33,27,3.56,N,87.40%,1064743893
25,100%,3.659,41,91.10%,0,College,F,White,21,16,3.56,N,79.30%,6209714675
22,83%,3.613,31,100.00%,3799,College,M,White,19,28,3.57,N,77.10%,1030211757
21,100%,3.625,26,100.00%,5074,College,M,White,18,21,3.57,N,69.20%,4844947575
,67%,3.479,88.37,100.00%,0,College,F,Non Specified,50,22,3.59,Y,77.80%,5291483332
20,75%,2.806,31,100.00%,0,College,F,White,29,10,3.6,N,81.90%,2170478241
17,50%,3.513,63,100.00%,16272,College,F,White,20,28,3.61,N,78.40%,7740540317
,100%,3.7,30,100.00%,4722,College,F,White,19,24,3.63,N,69.00%,5920943351
26,100%,3.806,67,90.50%,0,College,F,Two or More Races,26,33,3.64,N,62.90%,4775122177
,67%,3.903,39,100.00%,730,College,F,White,44,9,3.67,N,79.60%,1211008064
19,25%,3.667,24,92.30%,0,College,F,White,32,18,3.67,N,83.00%,1646830661
22,100%,3.833,18,85.70%,2715,College,F,White,26,9,3.67,N,72.90%,3574908354
20.66666667,78%,3.88,34,100.00%,15397,College,M,White,19,9,3.67,N,75.20%,6731493737
14,0%,3.6,15,100.00%,0,College,F,White,52,9,3.67,N,75.70%,7059777297
20,78%,3.695,60,100.00%,29187,College,F,White,20,55,3.67,N,79.00%,8806560865
17.5,29%,3.478,103,85.20%,0,College,F,White,34,52,3.67,N,79.20%,9643863403
,50%,3.75,67,91.80%,2093,College,F,Hispanic/Latino,30,49,3.67,N,73.00%,9810262842
20.66666667,70%,3.694,62,100.00%,14741,College,M,Non Specified,20,52,3.69,N,83.60%,1694091286
,0%,3.789,161,100.00%,0,College,F,White,28,13,3.69,N,61.70%,6248231502
,,3.75,103,100.00%,119734,College,F,White,23,13,3.69,N,80.70%,7106838213
25,100%,3.81,70,79.70%,0,College,F,White,21,60,3.7,N,76.90%,3559866181
,25%,3.793,34,100.00%,0,College,M,Black/African American,19,21,3.71,N,64.40%,9530296064
26,100%,3.76,43,86.20%,0,College,F,White,18,22,3.73,N,80.40%,9500423438
,100%,3.792,106,100.00%,28518,College,F,White,19,44,3.75,N,77.50%,1374048335
19,75%,3.833,96,95.50%,0,College,F,White,23,53,3.75,N,59.50%,4053132597
22,67%,3.806,37,100.00%,23062,College,F,White,19,25,3.76,N,74.00%,8522842073
19.33333333,62%,3.842,41,100.00%,3561,College,M,White,19,25,3.76,N,70.10%,9098672534
19.5,55%,3.8,68,100.00%,7527,College,M,White,20,46,3.76,N,80.10%,1891690545
25,100%,3.823,79,98.80%,63203,College,M,White,21,63,3.78,N,72.90%,9804436327
26,67%,3.855,77,100.00%,34820,College,F,White,20,41,3.78,N,81.90%,9831774432
23,80%,3.783,66,100.00%,15276,College,F,White,21,49,3.8,N,82.90%,6129627965
19,33%,3.625,24,100.00%,141868,College,M,White,18,15,3.8,N,74.30%,2094409259
17,0%,3.857,24,100.00%,8774,College,F,White,19,15,3.8,N,69.40%,5861599832
25,100%,3.862,102,100.00%,0,College,F,White,27,20,3.8,N,80.50%,6534205852
,33%,3.929,45,100.00%,184,College,F,White,29,15,3.8,N,64.60%,9138677135
18,50%,3.719,69.2,94.80%,2164,College,F,White,19,49,3.82,N,79.70%,2490312847
24.66666667,100%,3.688,58,100.00%,2440,College,F,Two or More Races,18,22,3.82,N,83.20%,5335155601
21,100%,3.69,35,100.00%,3571,College,F,White,19,17,3.82,N,71.60%,5327446168
,17%,3.787,58,98.30%,0,College,F,White,32,38,3.84,N,79.30%,9167833048
,30%,3.867,67,74.00%,0,College,F,White,38,21,3.86,N,75.80%,4581651280
32,100%,3.648,54,100.00%,200,College,F,White,20,33,3.88,Y,84.10%,2700706528
17,33%,3.587,49,93.90%,0,College,M,White,43,37,3.89,N,79.60%,6728777010
,75%,3.9,40,100.00%,0,College,F,White,20,40,3.9,N,59.90%,1018534331
23,100%,3.946,68,90.30%,44701,College,M,White,20,50,3.94,N,77.10%,8885706896
28,100%,3.945,61,100.00%,1077,College,F,White,19,52,3.94,N,78.40%,1490193710
20.66666667,57%,3.973,43,100.00%,0,College,F,White,18,29,3.97,N,82.60%,7921986464
20.75,67%,4,18,81.80%,14373,College,F,White,19,12,4,N,79.20%,1405050250
24,100%,3.786,48,100.00%,0,College,F,White,19,26,4,Y,78.50%,2621539206
26,100%,4,40,100.00%,6025,College,F,White,18,16,4,N,87.10%,2676945890
,,4,148,100.00%,3959,College,F,Two or More Races,32,4,4,N,82.10%,2832552384
,,2.979,70,94.10%,4160,College,M,White,21,3,4,N,60.00%,3548856965
20,75%,3.75,24,100.00%,17117,College,M,Hispanic/Latino,19,12,4,N,65.40%,3811586185
28,100%,3.862,35,100.00%,9059,College,M,White,18,3,4,N,74.30%,4277823778
,33%,4,14,100.00%,0,College,F,White,32,3,4,N,78.50%,4313611893
23.5,67%,4,35,100.00%,0,College,M,White,18,22,4,N,81.30%,4513327704
23.75,92%,4,52,100.00%,42353,College,F,White,19,36,4,N,88.70%,4978898999
,100%,4,54,100.00%,11519,College,M,White,19,6,4,N,76.70%,5415596361
,0%,3.5,25,100.00%,1923,College,M,Black/African American,21,3,4,N,74.30%,5533051549
23,100%,4,37,100.00%,58486,College,F,White,19,28,4,N,76.80%,5703362087
22,100%,4,119,100.00%,4901,College,F,White,25,46,4,N,73.80%,5821899930
23,67%,4,168,100.00%,10794,College,F,White,24,12,4,N,72.40%,6135074759
,0%,3.096,67,60.80%,0,College,M,White,42,1,4,N,67.40%,6234292619
20.66666667,89%,2.89,80,77.70%,0,College,F,White,30,4,4,N,75.60%,6770826024
18,50%,4,18,100.00%,0,College,F,White,25,12,4,N,77.20%,6801904530
,33%,4,33,100.00%,0,College,F,White,26,6,4,N,70.60%,6900334502
,,4,70,100.00%,1278,College,M,White,41,6,4,N,82.10%,7046009748
26,100%,4,31,100.00%,0,College,F,White,21,10,4,N,76.70%,7616351220
,0%,1.545,13,48.10%,0,College,F,White,44,3,4,N,79.20%,7672838294
,100%,4,49,80.40%,0,College,M,Non Specified,41,37,4,N,81.20%,7724997269
,40%,3.563,18,58.10%,0,College,F,White,28,3,4,N,83.40%,7748737686
23,100%,3.605,82,70.10%,0,College,F,White,33,19,4,Y,73.80%,8893791990
,,3.923,191.9,100.00%,0,College,F,White,46,3,4,Y,76.30%,8945188779
30,100%,4,31,100.00%,21239,College,M,Hispanic/Latino,22,17,4,Y,81.10%,9070160044
20,83%,4,9,100.00%,19756,College,F,White,21,3,4,N,66.60%,9113616542
19.5,50%,4,67,91.80%,1056,College,F,White,21,52,4,N,75.80%,9221852381
13,17%,3.727,17,100.00%,0,College,F,Hispanic/Latino,24,6,4,N,78.90%,9971999379
,14%,2.882,28,70.00%,0,College,F,White,24,,,Y,68.00%,5995326799
15,0%,0,0,0.00%,0,College,F,Black/African American,18,,,N,66.70%,2243712900
21,75%,3.714,105,100.00%,2032,College,F,White,21,,,N,73.50%,2278067828
14,0%,3,19,100.00%,5956,College,F,Black/African American,23,,,N,61.40%,2464290448
,0%,3,10,76.90%,0,College,F,Two or More Races,22,,,N,79.40%,2811821348
17,30%,2,21,46.20%,0,College,F,Black/African American,20,,,N,63.30%,2844268553
,0%,4,6,66.70%,28306,College,F,Black/African American,18,,,N,56.30%,4248405193
13,0%,3.095,153,94.40%,1033,College,F,White,30,,,N,73.90%,4886287438
,0%,2.598,140,77.80%,0,College,F,Black/African American,46,,,N,73.00%,5699861389
13,0%,2,11,78.60%,0,College,M,Black/African American,19,,,N,50.60%,6427608204
,,4,76,100.00%,0,College,F,White,32,,,N,80.50%,7536295755
,0%,4,15,100.00%,0,College,F,White,35,,,N,71.30%,7791084471
26,100%,3.5,79,100.00%,0,College,M,Non Specified,32,,,N,81.60%,9008337020
,0%,0,0,0.00%,0,College,M,Black/African American,24,,,N,66.60%,9097368416
12,0%,1.5,15,53.60%,0,College,M,Black/African American,19,,,N,46.70%,9321938333
17,50%,0.143,1,7.70%,0,High School,F,Black/African American,21,0,0,N,78.20%,1120252826
17,17%,0.6,5,22.70%,40,High School,M,White,22,0,0,N,77.90%,2166273937
13,0%,0.15,3,13.00%,0,High School,F,Black/African American,19,0,0,N,51.40%,2192843672
22,100%,0.688,24,36.80%,4109,High School,M,White,20,0,0,N,63.70%,5623646071
18,33%,0.154,3,16.70%,30,High School,M,White,20,0,0,N,80.60%,6288537888
13,13%,1.615,14,60.90%,0,High School,F,White,19,0,0,N,61.70%,8241117140
,0%,1.5,13,68.40%,0,High School,M,White,29,0,0,N,74.10%,8507765534
,13%,0,2,18.20%,0,High School,F,White,35,0,0,N,61.00%,8952162620
,33%,0,0,0.00%,0,High School,F,White,26,0,0,N,77.20%,9047740948
22.5,75%,1.125,43,55.60%,35,High School,M,White,27,6,0.4,N,86.10%,9465921508
14,8%,1.5,30.8,69.50%,0,High School,F,Black/African American,21,6,0.46,N,61.20%,5734730160
,0%,1.25,9,33.30%,0,High School,F,White,38,3,0.5,N,61.90%,6810973612
,20%,2,16,84.20%,0,High School,F,White,24,3,0.5,N,69.00%,7434128191
,0%,1.826,21,50.00%,0,High School,F,White,25,3,0.5,N,61.00%,7438019341
21,80%,0.857,12,50.00%,0,High School,F,White,18,3,0.5,N,75.00%,9977880628
16.5,20%,1.133,10,55.60%,0,High School,F,Black/African American,19,6,0.6,N,69.00%,7499785585
,57%,1.235,11,64.70%,0,High School,M,Non Specified,30,6,0.67,N,61.40%,1272569933
,50%,1,6,28.60%,0,High School,F,White,20,3,0.67,N,69.90%,4053073550
19,67%,0.789,11,44.00%,5300,High School,F,Black/African American,19,3,0.69,N,76.80%,7291249135
,14%,1.931,23,45.50%,0,High School,F,White,29,3,0.75,N,69.50%,2320042722
15,0%,1.6,30,89.70%,7251,High School,F,White,18,9,0.75,N,69.20%,8033775009
22,67%,1.793,18,40.00%,6787,High School,F,White,26,3,0.75,N,76.60%,8860177702
24,40%,1.462,20,69.00%,8920,High School,M,Non Specified,18,6,0.8,N,68.10%,5006340887
,50%,1.875,27,46.30%,0,High School,F,Black/African American,31,3,0.86,N,79.80%,5930007388
18,29%,1.769,9,56.30%,0,High School,F,White,20,3,0.9,N,76.40%,1427364336
13,29%,1.5,22,52.40%,0,High School,F,Black/African American,22,15,0.9,N,50.60%,3049560457
15,15%,2.322,83,75.50%,644,High School,F,White,26,14,1,Y,69.50%,4945016705
,40%,3.02,107,100.00%,14421,High School,F,White,30,3,1,Y,72.80%,6245169418
,17%,1.625,26.01,54.10%,0,High School,F,White,36,9,1,N,73.30%,7027139881
,0%,2.667,33,91.70%,0,High School,F,Black/African American,45,6,1,N,60.50%,8356008861
15,17%,1.5,6,50.00%,0,High School,F,White,19,3,1,N,68.20%,8717205298
13,33%,0.818,3,21.40%,0,High School,F,White,20,3,1,N,69.20%,9125805139
25,100%,2.259,24,80.00%,2111,High School,M,White,21,15,1.11,N,34.70%,5847705687
,67%,2.053,44,69.80%,655,High School,F,White,27,13,1.15,N,74.80%,7168052980
23.5,100%,1.929,14,70.00%,0,High School,M,White,19,13,1.25,N,79.80%,7226692241
,0%,1.692,20,69.00%,0,High School,M,White,38,6,1.25,N,68.10%,8492541429
16.5,38%,2.047,52,74.10%,22688,High School,F,White,23,28,1.3,N,70.80%,6024284084
,33%,2.2,24,100.00%,0,High School,M,Black/African American,40,9,1.33,N,77.70%,1576952109
,0%,1.784,34,53.10%,0,High School,F,White,35,9,1.33,N,83.20%,5330322613
,40%,2.472,36,80.00%,0,High School,F,White,38,13,1.44,Y,71.10%,7584715413
,33%,1.045,10,40.00%,0,High School,F,White,32,10,1.44,N,72.30%,8542934446
21,100%,1.536,19,57.10%,22759,High School,F,White,18,15,1.44,N,81.00%,5434516789
,13%,1.923,13,36.10%,0,High School,F,White,23,3,1.5,N,68.80%,3041068625
,0%,3.421,72,100.00%,0,High School,F,Asian,50,6,1.5,Y,69.90%,4663363502
17,0%,1.857,27,52.20%,527,High School,F,White,23,9,1.5,N,74.50%,6263345670
18.5,38%,1.857,7,58.30%,1868,High School,F,White,19,6,1.5,N,81.90%,6872120526
,0%,1.5,15,34.90%,0,High School,F,White,23,6,1.5,N,60.80%,7836369182
19,67%,1.909,39,68.20%,1300,High School,F,White,25,9,1.5,N,79.10%,9637703873
22.5,63%,2.111,24,72.70%,0,High School,M,White,22,18,1.56,N,87.50%,6212417796
14,30%,1.851,14.2,48.60%,0,High School,F,White,19,9,1.58,N,69.90%,2118587348
22.5,86%,1.421,10,28.60%,4119,High School,F,White,20,9,1.6,N,85.30%,2451982838
14,10%,2.621,72,75.60%,20,High School,F,Asian,22,51,1.6,N,57.90%,1490013828
23,100%,1.73,15.2,53.90%,0,High School,M,White,18,12,1.64,N,88.60%,9516858633
,33%,2.143,59,75.00%,0,High School,F,White,33,18,1.71,Y,71.50%,6185358351
20,50%,2.524,85,100.00%,0,High School,F,White,22,46,1.73,N,83.20%,2397905160
18,15%,2.043,23,100.00%,0,High School,F,Black/African American,18,16,1.75,N,77.20%,2477801251
,0%,1.833,21,87.50%,0,High School,F,White,20,12,1.75,N,70.60%,3649305291
19,75%,2.167,15,78.90%,0,High School,F,White,20,12,1.8,N,80.60%,8038603540
,33%,2.34,58,85.90%,0,High School,F,White,31,35,1.82,Y,71.30%,2804891085
16,33%,2.294,31,91.20%,0,High School,F,Black/African American,20,16,1.91,N,67.40%,7225677189
13,0%,3.169,101,87.80%,0,High School,F,White,28,21,1.95,N,65.40%,7065871060
14,0%,2.655,69,69.00%,0,High School,F,White,23,25,1.97,Y,71.20%,3776552627
,0%,2.574,91,100.00%,2317,High School,F,White,34,3,2,Y,79.20%,1081900061
17,17%,2.107,31,100.00%,2556,High School,F,White,20,21,2,N,83.30%,1226270387
,33%,3,12,57.10%,0,High School,F,White,23,8,2,Y,75.80%,2477849511
,67%,2.75,15,48.40%,0,High School,M,Two or More Races,28,3,2,N,76.80%,4094644789
17,33%,1.971,26,65.00%,0,High School,M,Two or More Races,24,3,2,N,69.70%,5064017694
,0%,2.889,24,64.90%,17434,High School,F,White,48,3,2,N,74.00%,5212264482
,0%,3.333,72,75.00%,0,High School,F,White,36,3,2,N,75.20%,5751589102
21,67%,1.75,12,50.00%,44336,High School,M,White,19,6,2,N,56.10%,5914267991
17,0%,2.6,21,100.00%,0,High School,F,White,24,3,2,N,69.50%,5929305318
14,0%,2,28,88.90%,0,High School,U,Black/African American,18,6,2,N,66.90%,5946194071
,0%,2.4,28,88.90%,0,High School,F,White,23,6,2,N,61.60%,6418028949
15.75,17%,2.167,18,75.00%,0,High School,F,White,19,15,2,N,72.20%,7460320787
,0%,2.107,40,100.00%,0,High School,F,White,54,7,2,N,82.40%,7581792834
,20%,2.643,71.8,70.50%,0,High School,F,White,30,3,2,N,80.40%,8732783767
,20%,2.5,24,96.00%,0,High School,F,White,25,12,2,N,78.10%,9213077719
22.5,83%,2.62,71,98.60%,7723,High School,F,White,21,58,2.1,N,76.90%,5350828749
,67%,2.753,76,63.90%,0,High School,F,Two or More Races,28,32,2.11,N,75.70%,7316359582
,25%,2.507,68,96.00%,0,High School,F,Black/African American,40,30,2.12,N,78.90%,8124916379
14.5,0%,2.509,120,96.80%,1671,High School,F,White,43,16,2.13,N,75.00%,2133377505
16.33333333,0%,2.522,23,74.20%,0,High School,F,White,18,16,2.13,N,61.30%,7078108636
16,33%,3.378,39,58.20%,0,High School,F,White,22,16,2.14,Y,83.30%,1733024296
,0%,2.571,25,78.10%,0,High School,F,Black/African American,25,12,2.2,N,71.50%,7247922620
,0%,2.942,80,87.00%,3309,High School,F,White,40,22,2.24,N,73.60%,7717694739
19,20%,2.703,67,85.90%,0,High School,F,White,37,43,2.24,N,70.20%,8662852357
16,0%,2.714,24,80.00%,16932,High School,M,White,18,12,2.25,N,73.80%,4863186669
24,100%,2.464,38,89.30%,3267,High School,F,White,18,18,2.29,N,79.60%,2982433594
23,100%,2.5,32,96.30%,788,High School,F,White,18,20,2.3,N,81.10%,6733990722
,0%,2.852,109,90.00%,0,High School,F,Black/African American,30,10,2.3,Y,63.90%,9705185196
,33%,2.627,92,89.20%,0,High School,F,White,36,18,2.33,Y,76.70%,3740490945
19,57%,2.778,58,57.50%,0,High School,F,White,26,33,2.33,N,75.20%,9613756002
21,100%,3.203,66,100.00%,0,High School,F,White,21,37,2.35,N,70.80%,6803842224
13,33%,2.5,45,77.60%,0,High School,F,White,23,28,2.37,Y,67.70%,1131791068
,,2.609,71,67.60%,0,High School,F,Black/African American,25,31,2.38,N,62.30%,9818041873
,7%,2.2,61,65.90%,0,High School,F,White,24,10,2.4,Y,66.90%,1996966834
,67%,2.429,21,87.50%,18965,High School,M,White,19,15,2.4,N,74.90%,2841225992
,20%,2.714,32,58.20%,0,High School,F,White,31,19,2.41,N,70.60%,3280208102
22,100%,2.581,31,79.50%,0,High School,M,White,18,28,2.43,N,73.60%,3401401726
,18%,3.326,46,100.00%,0,High School,F,White,36,7,2.43,N,64.00%,5620660121
,0%,2.786,88.8,80.00%,0,High School,F,White,54,16,2.44,N,82.80%,3779635348
16.33333333,44%,2.72,28,90.30%,0,High School,F,White,19,19,2.47,N,72.60%,3144574501
17,50%,2.61,58,73.40%,0,High School,F,Two or More Races,21,38,2.48,N,77.80%,4837794666
,25%,2.796,55,90.20%,0,High School,F,White,37,25,2.48,N,68.80%,2760353549
,40%,2.5,12,52.20%,0,High School,F,White,31,12,2.5,N,74.40%,1224040699
15.5,25%,3.143,31,89.30%,21669,High School,F,White,19,12,2.5,N,68.60%,4022535879
17,30%,3.125,36,100.00%,2251,High School,F,White,18,12,2.5,N,76.40%,4297075451
,14%,2.167,18,54.50%,0,High School,F,White,33,6,2.5,N,81.50%,5082683319
,33%,2.25,9,31.00%,0,High School,M,White,29,6,2.5,N,69.00%,7859071928
22,100%,3,21,75.00%,8222,High School,F,White,19,9,2.5,N,80.30%,8782438134
17,0%,2.7,69,78.60%,0,High School,F,White,39,31,2.52,N,69.40%,8013330871
,14%,2.268,77,71.30%,172,High School,F,White,40,22,2.52,Y,62.70%,1925518428
19,31%,2.667,43,93.00%,7650,High School,F,White,19,22,2.6,N,67.00%,3624295503
,20%,2.314,70,85.90%,0,High School,F,White,27,10,2.6,Y,49.90%,5447689590
25,100%,2.833,18,100.00%,0,High School,F,White,19,15,2.6,N,72.00%,6959082050
19,50%,2.733,45,85.70%,15585,High School,F,White,19,23,2.61,Y,68.20%,1403464271
16,25%,3.517,87.5,87.90%,0,High School,F,White,25,26,2.64,Y,72.80%,1079571982
20.5,100%,2.836,67.8,83.90%,396,High School,F,White,25,36,2.64,N,80.40%,8864391163
,40%,3.083,33,68.80%,0,High School,F,White,44,6,2.67,N,75.90%,3280227179
,29%,2.065,63,82.20%,0,High School,F,Black/African American,42,18,2.67,N,64.60%,9484107231
,0%,2.286,27,56.30%,0,High School,F,White,28,9,2.67,N,63.30%,9680596098
,100%,3.079,77,100.00%,6558,High School,F,White,33,19,2.68,N,83.60%,8107425391
,50%,2.925,50,64.90%,3403,High School,F,White,34,32,2.69,Y,61.10%,7805220756
19,17%,2.932,48,100.00%,1672,High School,M,White,22,13,2.69,Y,73.00%,1960192034
21,75%,2.632,19,73.10%,21823,High School,U,White,19,13,2.69,N,78.10%,6759303261
14,0%,2.548,79,84.00%,226,High School,F,White,30,10,2.7,N,72.40%,6031089038
17,17%,2.516,40,85.10%,0,High School,F,Black/African American,22,21,2.71,N,70.80%,1779831396
,60%,3.13,47,88.70%,0,High School,F,White,35,35,2.72,N,69.80%,3177053405
,13%,2.932,97,100.00%,0,High School,F,White,37,22,2.73,Y,77.20%,4416107307
19.5,67%,3.086,58,100.00%,3642,High School,F,White,20,22,2.73,N,80.90%,5953091144
,29%,2.667,70,84.10%,0,High School,F,White,29,19,2.73,Y,74.90%,7933678209
21,100%,2.788,177,76.70%,5491,High School,F,White,39,11,2.73,Y,72.20%,8531522633
24,100%,3,41,80.40%,7614,High School,F,White,25,13,2.75,N,71.80%,3277601787
,0%,2.842,19,79.20%,0,High School,F,White,19,16,2.81,N,78.40%,1648440422
24,90%,2.875,64,91.00%,0,High School,F,White,19,43,2.83,N,71.80%,1628934648
24,100%,2.938,32,100.00%,13727,High School,F,White,19,29,2.83,N,79.20%,9735089849
19,50%,3.212,83,94.50%,2557,High School,F,White,22,53,2.83,N,80.00%,2773677087
20,71%,3.059,34,100.00%,7035,High School,F,White,19,13,2.85,N,77.40%,6846562003
22,67%,3.183,108,97.30%,2490,High School,F,White,22,33,2.85,Y,70.50%,7251533434
,0%,3.38,101,91.00%,0,High School,F,White,27,52,2.86,Y,68.60%,2516852681
22,75%,3.046,68,100.00%,3109,High School,F,White,20,52,2.87,N,76.30%,9099167867
23,29%,3.275,104,96.40%,1795,High School,F,Hispanic/Latino,42,28,2.89,N,77.20%,9393150317
22,100%,2.82,70,82.10%,0,High School,F,White,20,16,2.89,N,70.70%,9246923725
17.5,40%,3.154,29,50.00%,11501,High School,F,White,24,20,2.9,N,65.90%,6086577659
,40%,2.895,78,96.30%,0,High School,F,White,41,55,2.91,N,73.20%,1896417003
,0%,3.042,43,85.70%,0,High School,F,Black/African American,38,16,2.94,N,65.50%,7346691130
,40%,3.268,118,90.80%,0,High School,F,White,41,22,2.95,N,72.00%,8461935662
24,100%,3.453,95,96.90%,0,High School,F,White,26,25,2.96,Y,89.10%,4609501626
,60%,3.405,85.3,93.30%,10136,High School,F,White,31,22,2.96,N,84.30%,7952531932
19,50%,3.081,62,93.90%,2725,High School,F,White,21,52,2.96,N,79.20%,4882243981
,25%,3,6,100.00%,0,High School,F,White,34,3,3,N,69.60%,1294008635
,50%,2.929,45,83.30%,0,High School,F,White,46,12,3,N,67.00%,1674760995
,0%,3.444,27,69.20%,2755,High School,F,White,22,9,3,Y,75.50%,3526746125
,50%,2.25,21,87.50%,0,High School,F,White,19,3,3,N,66.80%,3702572202
19,60%,3.167,24,80.00%,0,High School,F,White,19,18,3,N,80.10%,4342408283
,9%,3.295,82,87.90%,0,High School,F,White,30,25,3,N,66.40%,4398626682
23,100%,3.5,79,100.00%,0,High School,M,White,24,12,3,Y,72.60%,4457246363
,38%,3.077,15,100.00%,0,High School,F,White,33,3,3,N,72.70%,5425265596
18.5,43%,3.174,25,100.00%,12534,High School,F,Two or More Races,19,19,3,N,81.20%,5533205593
,67%,3.25,50,75.00%,1883,High School,F,White,26,9,3,N,86.10%,5540013670
17.5,22%,3.316,67,100.00%,6331,High School,F,White,21,13,3,N,73.70%,6476458970
,67%,3.081,38,100.00%,15752,High School,F,White,27,31,3,N,75.90%,6990959804
,0%,2.078,40,69.00%,0,High School,F,White,49,6,3,N,77.00%,7174840967
,0%,3.5,6,100.00%,2334,High School,M,Black/African American,35,3,3,N,51.10%,8786819916
,0%,3.125,11,100.00%,0,High School,F,Black/African American,30,3,3,N,71.20%,9205354539
19,20%,3.4,19,100.00%,2505,High School,M,White,18,9,3,N,77.20%,9297170511
,100%,3.667,9,100.00%,0,High School,F,White,43,3,3,N,79.50%,9297269050
19,50%,3.667,12,100.00%,9610,High School,F,White,19,3,3,N,71.20%,9905250052
16.5,31%,3.239,67,95.70%,30,High School,F,White,21,58,3.03,N,70.20%,2124950027
16,20%,2.775,40,80.00%,140,High School,F,White,30,26,3.04,N,74.70%,7878205331
18,43%,3.303,33,100.00%,0,High School,F,Two or More Races,20,30,3.07,N,78.80%,5301178085
,80%,3.435,87,82.50%,0,High School,F,White,25,36,3.1,N,75.20%,1133244024
25,100%,3.224,117,97.30%,3661,High School,F,White,25,25,3.12,Y,78.10%,5374609783
19,50%,3.263,44.1,100.00%,10639,High School,F,White,35,32,3.13,N,75.80%,4417160266
17.66666667,33%,3.222,27,100.00%,24849,High School,F,White,19,24,3.13,N,68.80%,6288215543
19,60%,3.444,99,97.10%,1590,High School,M,White,22,46,3.13,Y,70.00%,7171542884
19.25,50%,3.091,108.2,97.10%,2687,High School,F,White,21,38,3.13,Y,75.50%,3444805768
16,0%,3.372,50,100.00%,0,High School,F,White,32,29,3.14,N,68.20%,3873427004
,20%,3.623,89,96.70%,0,High School,F,White,50,20,3.15,N,60.30%,8732890964
,40%,3.137,81,96.40%,0,High School,F,White,26,64,3.16,N,80.60%,9223820478
24.5,60%,3.481,57,100.00%,555,High School,F,White,25,50,3.16,N,75.30%,4397376560
,50%,3.385,70,89.70%,0,High School,F,White,46,55,3.16,N,72.20%,7058180751
21,75%,3.636,55,100.00%,8387,High School,M,White,20,18,3.17,N,83.30%,2291818246
16,0%,3.254,76,96.20%,0,High School,F,White,25,48,3.17,N,70.40%,2628907546
,33%,3.16,27,96.40%,0,High School,M,White,35,18,3.17,N,74.00%,5379628065
,0%,3.217,29,100.00%,0,High School,F,Black/African American,26,18,3.17,N,67.30%,8106148315
,33%,3.109,66,95.70%,0,High School,M,White,31,16,3.19,N,65.70%,5265451169
19,21%,3.148,132,95.70%,235,High School,F,White,31,41,3.2,Y,78.50%,4393327691
,43%,3.516,65,78.30%,35,High School,F,Hispanic/Latino,25,50,3.2,Y,80.50%,7500719367
,25%,3.163,112,94.00%,0,High School,F,White,34,44,3.2,N,72.90%,8602155142
,14%,3.538,68,100.00%,21628,High School,F,White,38,19,3.21,N,85.00%,3747839583
,0%,3.017,72,74.20%,0,High School,M,White,28,19,3.21,N,72.80%,9320533191
21,67%,3.2,27,100.00%,0,High School,F,White,18,22,3.23,N,76.40%,9310600482
21,80%,3.385,26,100.00%,17314,High School,F,White,19,17,3.24,N,68.90%,7883914856
,20%,2.8,22,48.80%,0,High School,F,Black/African American,27,12,3.25,N,79.20%,1371107250
14.5,0%,3.229,43,93.50%,0,High School,F,White,34,20,3.25,N,62.90%,5027883043
,0%,3.368,63,88.50%,211,High School,F,Black/African American,22,13,3.25,N,81.20%,5111620080
,0%,3.364,39,81.30%,0,High School,F,White,26,24,3.25,N,75.50%,6938688419
21,75%,2.947,36,87.50%,0,High School,F,White,18,12,3.25,N,88.30%,7558342510
,100%,3.441,74,91.90%,14905,High School,M,White,20,12,3.25,Y,62.80%,9560163909
19,40%,2.923,72,91.10%,0,High School,F,White,24,19,3.26,N,81.70%,1171883914
25,100%,3.2,25,89.30%,23945,High School,U,White,20,19,3.26,N,80.10%,8494293708
19.66666667,83%,3.433,36,100.00%,0,High School,F,White,19,21,3.29,N,70.00%,5370633818
22,78%,3.493,79,96.20%,1816,High School,F,White,25,69,3.32,N,77.00%,2127754533
22,71%,3.404,60,95.00%,1270,High School,F,White,19,46,3.33,N,78.30%,8209055811
,33%,3.429,27,100.00%,0,High School,F,White,27,18,3.33,N,77.60%,7906672285
,25%,3.362,82.9,90.00%,0,High School,F,White,45,28,3.36,N,76.20%,8445692128
,0%,3.6,107,95.20%,9542,High School,F,White,37,25,3.36,N,70.10%,2735321768
19,35%,3.377,80,95.20%,0,High School,M,White,27,61,3.36,N,68.00%,4844850518
22,67%,3.05,20,100.00%,7393,High School,F,White,20,11,3.36,N,61.40%,6199934786
14,0%,3.613,71,100.00%,0,High School,F,White,33,19,3.37,N,63.10%,8802271519
,63%,3.531,65,100.00%,0,High School,F,White,24,16,3.38,Y,71.70%,8491086281
17.33333333,9%,3.371,68,76.10%,0,High School,F,White,22,49,3.39,N,79.90%,2938828170
,18%,2.819,123,83.90%,0,High School,M,White,27,28,3.39,N,78.00%,7535018342
,40%,3.5,40,100.00%,17533,High School,F,White,20,32,3.41,N,73.90%,7829140024
,50%,2.964,55,85.90%,0,High School,F,White,44,22,3.41,Y,61.00%,2508130321
15,25%,3.165,107,96.40%,0,High School,M,White,30,35,3.43,Y,67.50%,3978960772
,67%,3.796,88.37,100.00%,24815,High School,M,White,50,7,3.43,N,78.00%,8693484355
,100%,3.8,80,100.00%,12023,High School,F,White,22,24,3.46,N,81.30%,8756770284
16,50%,3.42,72,100.00%,29463,High School,F,White,20,26,3.46,N,62.90%,3405557230
18.33333333,38%,3.45,112,100.00%,0,High School,F,White,29,45,3.47,N,70.80%,3051898070
,78%,3.364,66,100.00%,14072,High School,M,White,20,52,3.48,N,72.00%,5394403380
,40%,3.662,77,100.00%,9083,High School,M,White,42,12,3.5,N,75.70%,2559674195
,67%,3.5,12,57.10%,3676,High School,F,White,25,6,3.5,N,80.60%,3455168831
22,71%,3.774,56,100.00%,4621,High School,F,White,63,6,3.5,N,72.70%,3917423486
15,25%,3.2,18,75.00%,15726,High School,M,White,20,6,3.5,N,71.80%,5169142941
23,57%,3.5,18,100.00%,0,High School,F,White,27,6,3.5,N,79.40%,5562087904
21,100%,3.29,93,88.60%,0,High School,F,White,33,21,3.5,Y,85.50%,7720781473
18,20%,2.944,69,77.30%,24026,High School,F,White,38,6,3.5,Y,73.70%,8623002621
25,100%,3.711,77,100.00%,0,High School,F,White,31,26,3.5,Y,84.30%,9060200406
,20%,3.6,60,100.00%,0,High School,F,White,22,46,3.52,N,80.60%,8994851090
,67%,3.776,71,100.00%,0,High School,F,White,46,19,3.53,N,78.00%,1767274555
19.2,65%,3.422,65,95.60%,6593,High School,F,White,20,28,3.54,N,74.90%,5688265239
,43%,3.857,76,96.20%,0,High School,F,White,55,16,3.56,N,76.50%,2507675415
19,57%,3.644,79.2,98.60%,0,High School,F,White,20,45,3.58,N,52.80%,1133031684
25.5,100%,3.596,70,100.00%,0,High School,F,White,21,43,3.58,N,75.80%,6168892244
20,71%,3.69,38,100.00%,0,High School,F,White,19,22,3.59,N,83.00%,2823154864
27,100%,3.529,51,100.00%,0,High School,M,White,23,15,3.6,N,79.20%,2485829434
24,80%,3.574,64,100.00%,0,High School,F,White,19,52,3.62,N,73.80%,2366985314
,50%,3.696,49,79.00%,0,High School,F,White,20,37,3.62,N,81.90%,2781015534
,25%,3.743,64.77,91.50%,0,High School,M,White,37,24,3.63,N,80.60%,3189469200
15,11%,3.681,86,95.60%,0,High School,F,White,28,55,3.64,N,75.50%,5570560125
18,80%,3.679,29,100.00%,0,High School,F,Black/African American,19,25,3.64,N,77.60%,2505970211
17,0%,2.867,87,83.70%,4647,High School,F,White,39,9,3.67,N,77.90%,3557933857
18,50%,3.786,14,100.00%,0,High School,F,White,20,9,3.67,N,77.90%,5532815961
17,33%,3.333,18,100.00%,0,High School,F,White,20,9,3.67,N,79.50%,5686510543
15.25,16%,3.692,110,100.00%,2583,High School,F,White,21,45,3.67,Y,61.40%,5789762342
,43%,3.265,51,100.00%,0,High School,F,White,37,9,3.67,N,73.50%,7200144626
,67%,3.318,69,95.80%,0,High School,F,Hispanic/Latino,47,18,3.67,N,85.10%,7862260935
19,75%,3.75,30,88.90%,0,High School,F,White,20,18,3.67,N,75.20%,9532882066
23.5,100%,3.633,39,100.00%,19292,High School,F,White,19,26,3.69,N,87.80%,1342447563
17,17%,3.8,25,100.00%,0,High School,F,White,25,13,3.69,N,77.90%,6064985431
20,50%,3.829,84,100.00%,0,High School,F,White,22,10,3.7,N,73.10%,1110128316
21,75%,3.947,110,100.00%,5228,High School,M,White,23,10,3.7,Y,77.70%,1684736741
16,17%,3.684,19,100.00%,0,High School,F,White,21,10,3.7,N,65.70%,6783852170
15,11%,3.368,120,94.50%,0,High School,F,White,22,41,3.71,Y,64.20%,9917426337
19,83%,3.778,27,81.80%,0,High School,F,White,19,21,3.71,N,73.90%,1605459833
23,100%,3.571,41,83.30%,3827,High School,F,White,19,23,3.74,Y,74.80%,9880352867
17,17%,3.469,96,88.20%,21413,High School,F,White,56,12,3.75,N,69.40%,5868197767
,0%,3.75,87,100.00%,0,High School,F,White,47,12,3.75,N,62.30%,8067495147
18.33333333,57%,3.8,33,100.00%,3933,High School,F,White,18,25,3.76,N,66.70%,6703306890
,25%,3.814,77,100.00%,0,High School,F,Hispanic/Latino,33,46,3.76,N,75.90%,1988984494
20,100%,3.8,138,84.90%,1279,High School,F,White,46,13,3.77,Y,70.50%,1709648031
,100%,3.878,49,100.00%,0,High School,F,White,34,13,3.77,N,82.50%,4001331985
,38%,3.811,43,70.50%,0,High School,F,White,29,31,3.77,N,79.20%,8383671747
,55%,3.387,28,73.70%,19852,High School,M,White,31,15,3.8,N,76.40%,8937190675
21,75%,3.69,71,95.30%,3281,High School,F,White,20,16,3.81,N,67.10%,2631931886
,50%,3.942,59,100.00%,0,High School,F,White,47,19,3.84,N,84.70%,3394783708
25,75%,3.821,28,100.00%,0,High School,F,White,19,19,3.84,N,81.60%,9226046495
18,43%,3.806,65,91.50%,0,High School,F,White,38,41,3.85,N,85.20%,9419489806
16,50%,3.808,26,100.00%,3708,High School,M,White,19,21,3.86,N,70.70%,8839369675
,50%,3.94,76,100.00%,0,High School,F,Black/African American,23,30,3.87,N,72.10%,1153851462
,100%,3.911,101,100.00%,0,High School,M,White,21,71,3.87,N,68.80%,4206596984
,75%,3.867,105.8,97.20%,0,High School,F,White,47,25,3.88,N,86.10%,9438885084
,100%,3.948,73,100.00%,4767,High School,F,White,20,34,3.91,N,79.70%,6760541620
,50%,3.813,49,100.00%,0,High School,F,White,20,36,3.92,N,62.50%,7485654350
23,100%,3.267,87,94.60%,2094,High School,F,White,29,6,4,N,82.20%,1131172491
19.5,38%,4,30,100.00%,14814,High School,F,White,20,6,4,N,78.70%,1154145367
,33%,3.5,24,83.30%,7313,High School,M,Black/African American,22,3,4,N,73.10%,1177624879
16.33333333,0%,3.333,9,75.00%,0,High School,F,White,20,3,4,N,71.20%,1182656784
,0%,3.875,71,81.00%,0,High School,F,White,58,3,4,N,82.00%,1227049458
24,100%,4,30,100.00%,5425,High School,F,White,19,21,4,N,78.60%,1852847902
,25%,3.304,72,96.00%,22784,High School,F,White,46,1,4,N,65.50%,1862276558
,0%,2.365,61,82.40%,0,High School,F,White,44,4,4,N,80.70%,2120189992
,67%,3.893,28,100.00%,0,High School,M,White,28,9,4,N,77.10%,2160472556
20,83%,4,27,85.70%,0,High School,F,White,19,18,4,N,69.30%,2176006404
,20%,3.811,183,100.00%,7640,High School,F,White,44,16,4,N,67.10%,2358943606
,0%,2.39,60,100.00%,8929,High School,F,White,45,3,4,N,70.90%,2382538044
17.5,13%,3.852,111,100.00%,0,High School,F,White,31,4,4,N,70.80%,2566611183
24,83%,4,76,100.00%,0,High School,F,White,21,46,4,N,92.90%,3404218009
,67%,3.903,258.67,98.80%,10475,High School,M,White,56,16,4,N,68.50%,3478211993
22,89%,4,64,94.50%,7578,High School,F,White,19,15,4,N,86.10%,3945651542
,9%,2.241,17,47.20%,0,High School,F,White,35,3,4,N,68.80%,3991100898
,60%,4,65,100.00%,1770,High School,F,White,21,50,4,N,75.10%,5339433296
20,63%,4,31,100.00%,90,High School,F,White,18,21,4,N,70.80%,5895820515
27,100%,4,28,100.00%,28478,High School,F,White,19,21,4,N,91.70%,6053823950
,25%,3.404,136,96.50%,0,High School,M,White,37,12,4,N,76.40%,6058473965
19.33333333,57%,3.206,158,96.30%,0,High School,F,White,25,28,4,Y,80.60%,6543224951
32.5,100%,4,34,100.00%,0,High School,M,White,19,18,4,N,80.90%,6806865443
25,86%,4,71,100.00%,0,High School,F,White,40,34,4,N,87.30%,6990023686
,0%,3.143,21,100.00%,0,High School,F,White,38,3,4,N,70.80%,7079934028
,0%,4,35,100.00%,0,High School,F,Black/African American,19,6,4,N,74.30%,7542609165
,50%,4,24,66.70%,0,High School,F,White,28,15,4,N,83.90%,7748993776
21.5,83%,4,79,100.00%,11642,High School,F,White,21,43,4,N,78.00%,7880529520
22,86%,3.929,96,94.60%,0,High School,F,White,22,45,4,N,59.30%,7887153663
,50%,3.723,119,93.70%,0,High School,M,White,41,15,4,N,70.90%,8187871623
23,67%,3.851,79,100.00%,59564,High School,M,White,55,10,4,N,77.30%,8251986532
,0%,3.75,53,100.00%,0,High School,F,Non Specified,39,13,4,N,63.90%,8495561443
21.5,88%,4,50,100.00%,0,High School,F,White,19,39,4,N,81.90%,8957665022
,0%,4,28,100.00%,0,High School,F,White,24,9,4,N,77.70%,9153294325
,13%,2,12,57.10%,0,High School,F,White,29,3,4,N,65.40%,9373415325
,50%,4,27,73.00%,14025,High School,F,White,55,3,4,N,73.90%,9583870110
,,3.152,140.03,92.50%,0,High School,F,White,25,4,4,N,68.10%,9607210457
23,100%,4,50,100.00%,0,High School,F,White,19,39,4,N,59.20%,9657597963
15,0%,2,1,4.20%,0,High School,F,White,18,,,N,71.30%,1973690427
,0%,0,0,0.00%,0,High School,M,Two or More Races,21,,,N,86.10%,4985115834
17,20%,2,10,76.90%,5747,High School,F,White,19,,,N,72.30%,5639877578
,0%,2.5,6,100.00%,0,High School,F,White,21,,,N,66.90%,1515509485
,0%,3.474,38,100.00%,6064,High School,M,White,51,,,N,79.70%,2361757920
,20%,2.907,44,73.30%,0,High School,F,White,37,,,N,70.90%,3585039749
21,80%,4,59,100.00%,952,High School,F,White,27,,,N,79.00%,3602589217
,,1.5,10,71.40%,0,High School,M,Two or More Races,21,,,N,67.60%,4184433584
17,0%,3,3,100.00%,0,High School,F,Black/African American,20,,,N,53.00%,4837722305
22,,2.705,67,72.00%,1987,High School,M,White,38,,,N,69.60%,4901749425
17,20%,4,6,100.00%,0,High School,F,Black/African American,21,,,N,78.70%,4962682683
17,0%,1.706,13,68.40%,0,High School,M,White,26,,,N,79.40%,5140730171
,0%,2,3,50.00%,0,High School,F,Black/African American,25,,,N,65.20%,5391884363
,0%,3.5,6,100.00%,0,High School,M,White,29,,,N,72.20%,5460785316
14,0%,3.424,32,97.00%,0,High School,M,White,23,,,N,50.00%,5696408868
,,4,3,100.00%,0,High School,M,White,24,,,N,79.90%,6082859554
,0%,0,0,0.00%,0,High School,F,White,29,,,Y,66.60%,6204872613
,0%,4,3,100.00%,883,High School,M,Black/African American,40,,,N,70.80%,6438895716
,33%,3.02,42,66.70%,0,High School,F,White,35,,,Y,77.90%,6675274383
,,3.889,107,100.00%,0,High School,F,White,33,,,N,64.00%,7523603169
,0%,0,6,18.80%,0,High School,M,Black/African American,20,,,N,65.00%,7648395470
15,0%,1.5,6,100.00%,0,High School,M,White,19,,,N,91.00%,7779134947
,20%,4,9,60.00%,201,High School,F,Asian,30,,,N,70.60%,8075707766
,0%,4,10,76.90%,5033,High School,M,White,40,,,N,73.80%,8621273428
,0%,3,70,100.00%,0,High School,M,Black/African American,34,,,N,76.40%,8631858553
,17%,4,9,50.00%,4663,High School,F,Hispanic/Latino,30,,,N,69.80%,8659470450
,33%,3.187,100,90.90%,7552,High School,F,Non Specified,46,,,N,73.60%,8710246045
,0%,4,16,100.00%,19968,High School,M,Black/African American,42,,,N,79.10%,8857772341
,,4,133,100.00%,1351,High School,F,White,27,,,N,64.80%,8986385263
,0%,3,5,62.50%,0,High School,F,White,39,,,N,81.20%,9225146830
,0%,4,6,100.00%,0,High School,F,Black/African American,33,,,N,45.60%,9335271774
15.5,9%,1.333,4,21.10%,0,Middle School,F,White,21,0,0,N,73.50%,4871117750
,33%,1.667,6,50.00%,0,Middle School,F,White,21,0,0,N,69.40%,5689865971
19,50%,0.75,6,42.90%,0,Middle School,M,Hispanic/Latino,18,3,0.33,N,74.70%,7643899650
22,100%,1.909,24,64.30%,0,Middle School,F,White,19,9,0.92,N,73.60%,3790719802
12,0%,0.5,7,53.80%,0,Middle School,F,White,23,3,1,N,53.60%,7511681381
,9%,2.286,25,65.80%,0,Middle School,F,White,26,9,1.25,Y,60.90%,3267271077
18,11%,2.75,48,66.70%,4991,Middle School,F,White,24,10,1.4,Y,23.60%,9261102799
,20%,2.882,41,61.20%,0,Middle School,F,White,34,13,1.6,N,77.10%,5629301198
14,0%,3.057,35,83.30%,0,Middle School,M,White,27,18,1.89,N,80.30%,1563374458
,20%,2,10,76.90%,0,Middle School,F,White,36,6,2,N,67.30%,7268349517
15.25,14%,2.333,21,87.50%,0,Middle School,M,Hispanic/Latino,19,9,2,N,58.10%,8095492522
19.5,57%,2.55,20,87.00%,0,Middle School,M,Hispanic/Latino,19,26,2.08,N,73.60%,4842705553
19,60%,2.185,45,78.90%,0,Middle School,F,Hispanic/Latino,20,31,2.16,N,83.00%,9745835594
,0%,2.345,35,92.10%,0,Middle School,F,White,22,15,2.2,N,73.70%,3633659137
,13%,2.438,48,76.20%,0,Middle School,F,White,26,21,2.25,N,79.10%,6646144185
,8%,2.346,35,69.40%,0,Middle School,F,White,24,9,2.33,N,73.30%,6003718424
,50%,2.986,74,92.40%,6541,Middle School,F,White,33,21,2.38,Y,73.70%,4187196643
19,100%,3.024,89,95.70%,0,Middle School,F,White,22,62,2.42,Y,72.20%,7896736319
,29%,2.837,102,87.20%,0,Middle School,F,White,27,47,2.42,Y,70.90%,6800550891
,0%,3.04,32,100.00%,0,Middle School,F,White,35,10,2.5,N,70.30%,2103301591
,25%,2.067,48,80.00%,0,Middle School,F,White,28,6,2.5,N,75.70%,3065481337
13,8%,3.167,78.6,78.60%,0,Middle School,F,Two or More Races,25,22,2.5,Y,77.80%,3940771419
,60%,3.585,55.6,76.20%,0,Middle School,F,Hispanic/Latino,45,13,2.63,N,73.40%,5839146643
,25%,3.348,26,89.70%,0,Middle School,M,White,30,12,2.75,N,72.20%,5864346544
,17%,2.716,106,83.80%,0,Middle School,F,White,22,38,2.82,Y,72.10%,3857534894
14,38%,3.082,91,93.80%,0,Middle School,F,White,21,27,2.9,Y,68.10%,2230505017
17,42%,2.868,103.4,85.60%,50,Middle School,F,White,39,36,3,Y,67.80%,1002739566
,40%,3.25,23,88.50%,0,Middle School,F,White,29,12,3,N,81.90%,2004680724
,29%,2.75,15,100.00%,0,Middle School,F,White,22,6,3,N,81.90%,2339852332
,67%,2.805,74,83.10%,0,Middle School,M,White,29,49,3.06,N,69.80%,1888717713
,0%,3.364,42,87.50%,0,Middle School,F,White,37,24,3.13,N,82.90%,5844815369
,0%,3.227,24,96.00%,0,Middle School,M,White,27,15,3.2,N,83.80%,8155781367
,0%,3.564,68,79.10%,0,Middle School,F,White,35,38,3.21,N,79.70%,8110367413
18,33%,3.625,79,100.00%,0,Middle School,M,White,35,12,3.25,N,55.60%,4730693607
,,3.432,37,100.00%,0,Middle School,F,White,52,9,3.33,Y,84.70%,1387340166
21,67%,3.364,36,92.30%,0,Middle School,F,White,25,23,3.35,N,67.80%,9820422326
,20%,3.358,67,69.30%,0,Middle School,M,White,31,47,3.38,N,74.40%,9149858488
12,0%,3.5,6,31.60%,0,Middle School,F,White,27,6,3.5,N,61.40%,1072814069
25.5,100%,3.766,64,100.00%,1085,Middle School,M,White,19,18,3.5,N,76.30%,7377500800
,17%,3,24,75.00%,0,Middle School,F,White,45,12,3.5,N,70.50%,8264554628
21,100%,3.101,90,71.40%,883,Middle School,F,White,39,15,3.6,N,87.50%,4397322278
,33%,3.476,30,100.00%,0,Middle School,F,White,26,12,3.69,N,84.80%,2092281973
20,50%,3.778,55,100.00%,0,Middle School,F,White,21,21,3.71,N,74.20%,9753713365
,29%,3.643,50.3,84.80%,0,Middle School,F,White,58,12,3.75,N,74.60%,4030780159
,0%,3.787,61,100.00%,310,Middle School,F,Asian,27,52,3.75,N,59.90%,4179055140
,0%,3.923,182.1,100.00%,6148,Middle School,M,White,53,12,3.75,N,76.40%,9719404173
,0%,3.289,103,100.00%,0,Middle School,F,White,34,26,3.77,Y,63.90%,2315197133
23,100%,3.538,55,77.60%,546,Middle School,F,White,28,12,4,N,62.10%,1725915579
,0%,4,44,100.00%,0,Middle School,F,White,48,13,4,N,60.00%,3487448250
20,56%,3.221,147,93.30%,0,Middle School,F,White,30,4,4,N,69.30%,4164143863
17,43%,2.876,141,83.20%,0,Middle School,F,White,35,4,4,N,74.30%,5618195351
,67%,3.357,95,78.50%,0,Middle School,M,White,50,16,4,N,70.30%,7178119268
15,10%,0.75,3,25.00%,0,Middle School,F,White,24,,,N,72.60%,1853936267
,0%,4,6,100.00%,1807,Middle School,M,Hispanic/Latino,27,,,N,83.10%,3324349914
,33%,3,28,100.00%,0,Middle School,F,White,40,,,Y,70.10%,5060155019
13,0%,0.955,9,32.10%,0,Unknown,F,White,19,0,0,N,66.70%,6528549205
17,33%,1.455,18,75.00%,0,Unknown,F,White,19,7,0.77,N,69.70%,4774774350
,67%,1,6,50.00%,0,Unknown,F,White,40,6,1,N,58.50%,8093079953
,0%,1.667,36,68.80%,0,Unknown,M,White,29,12,1.33,N,80.60%,3580858172
14,33%,1.913,18,66.70%,554,Unknown,M,White,22,9,1.4,N,61.10%,1090196355
,10%,3.25,21,66.70%,0,Unknown,F,White,25,3,1.5,N,64.40%,5509348212
17,25%,2.304,27,100.00%,1870,Unknown,M,Hispanic/Latino,19,15,1.6,N,75.00%,2154917879
,0%,1.75,15,50.00%,0,Unknown,F,White,25,6,1.67,N,65.50%,3175991206
,0%,2.607,36,80.00%,0,Unknown,F,White,35,16,1.95,N,68.10%,6998583726
,50%,2.186,58,79.50%,0,Unknown,F,White,40,49,2.17,N,77.40%,7937053771
21.5,67%,2.861,114,86.80%,0,Unknown,F,White,35,24,2.25,Y,73.10%,9401674569
17,50%,2.724,121,81.20%,0,Unknown,F,White,35,52,2.28,N,69.30%,7680820943
,20%,2.514,74,92.50%,0,Unknown,F,White,38,58,2.36,N,70.80%,8648966427
,0%,2.939,107.73,79.70%,0,Unknown,F,White,48,17,2.71,N,74.60%,1163903866
,67%,3.322,60,83.30%,0,Unknown,F,White,48,50,2.71,N,78.60%,6585947947
,20%,3.289,44,88.00%,0,Unknown,F,White,40,12,2.75,N,73.20%,3676910740
,0%,3.05,32,65.30%,0,Unknown,M,White,30,12,2.75,N,74.80%,4436675468
,25%,3.145,73,91.80%,0,Unknown,F,Black/African American,33,16,2.81,N,73.70%,8130460331
,40%,3,107,94.50%,0,Unknown,F,White,40,49,2.9,Y,71.30%,7260353096
,40%,2.386,67,78.80%,0,Unknown,F,White,39,10,2.9,N,83.30%,9485719220
,17%,3.093,101.2,95.50%,0,Unknown,F,White,52,16,2.94,N,69.80%,6065394149
,14%,3.333,9,60.00%,0,Unknown,F,White,23,3,3,N,69.30%,6538240454
,25%,2.915,83,89.20%,9699,Unknown,F,White,52,26,3.38,Y,64.00%,3221535214
,50%,3.5,51,75.00%,0,Unknown,F,White,48,12,3.5,N,72.90%,1534167836
,33%,3.789,57,95.00%,72,Unknown,F,White,57,12,3.5,N,70.00%,9641228406
22,100%,3.889,29,100.00%,9435,Unknown,F,White,19,24,3.88,N,70.10%,2270460464
19,86%,3.883,60,100.00%,0,Unknown,F,Asian,23,49,3.92,N,65.90%,1763394690
,0%,4,19,100.00%,0,Unknown,F,Hispanic/Latino,21,10,4,N,65.40%,1648153167
17,0%,3.176,77,81.90%,0,Unknown,F,White,32,3,4,N,68.30%,4252595312
,33%,4,27,100.00%,0,Unknown,M,Asian,28,12,4,N,73.70%,4941449311
,50%,4,6,100.00%,0,Unknown,F,White,20,3,4,N,76.90%,5166532312
,25%,3.781,36,100.00%,2389,Unknown,M,Black/African American,56,9,4,N,64.60%,5838326232
,25%,3.71,31,100.00%,2402,Unknown,F,White,53,12,4,N,80.00%,6099547400
16,6%,1.727,8,40.00%,0,Unknown,F,Black/African American,23,,,N,70.60%,1516501152
,0%,0.75,1,16.70%,0,Unknown,M,Black/African American,31,,,N,51.10%,2088773806
,33%,4,3,100.00%,0,Unknown,M,Black/African American,20,,,N,76.40%,2381826188
,0%,2.333,25,100.00%,0,Unknown,F,Black/African American,19,,,N,53.30%,2561759875
,25%,3.185,97.5,100.00%,0,Unknown,F,White,55,,,N,76.70%,2766594198
16,0%,4,6,100.00%,0,Unknown,F,Black/African American,21,,,N,73.00%,3158774716
,0%,3,22,100.00%,700,Unknown,F,Black/African American,20,,,N,55.10%,4834304824
,0%,1.25,10,40.00%,0,Unknown,F,White,46,,,N,58.70%,7916728107
14,0%,3,3,50.00%,0,Unknown,F,White,23,,,N,58.10%,8511572650
,50%,3,6,66.70%,0,Unknown,F,White,40,,,N,78.50%,9621961544
,67%,1.471,14,70.00%,0,,F,White,34,3,1,N,79.30%,1566673595
,67%,0.667,6,50.00%,,,M,White,22,3,1,N,71.40%,4768644590
18,43%,1.857,20,40.80%,,,F,White,21,6,1,N,61.20%,7186285955
,100%,1.5,9,75.00%,,,M,Hispanic/Latino,19,6,1.33,N,69.90%,8509029452
,0%,2.429,40,69.00%,0,,F,White,22,12,1.38,N,68.10%,1049883961
,67%,2.645,94,92.10%,,,M,White,20,18,1.5,N,82.40%,1652194143
17,67%,2.333,6,50.00%,,,F,White,18,3,1.5,N,80.00%,1868923109
,33%,3,18,90.00%,,,F,Hispanic/Latino,21,3,1.5,N,82.40%,5648362727
17.5,40%,2,23,79.30%,,,F,Black/African American,19,12,1.8,N,47.30%,8965195466
20,50%,2.769,40,100.00%,,,M,White,21,18,1.83,N,80.00%,4174020044
23,100%,2.25,21,87.50%,,,M,White,19,18,1.88,N,63.40%,8438657501
14,10%,3.038,62,87.30%,,,F,White,26,12,2,N,70.40%,4908307358
18,13%,2.679,95,91.30%,,,F,White,24,43,2.06,Y,68.50%,4023344936
,60%,2.691,56,86.20%,,,F,White,22,36,2.16,Y,79.20%,4300986336
19,40%,2.732,89,92.70%,,,F,White,25,15,2.17,N,76.00%,6150587341
,40%,2.655,70,65.90%,0,,F,White,40,46,2.18,N,75.20%,3848975346
19.5,70%,2.286,31,68.90%,,,F,Black/African American,18,28,2.22,N,72.00%,9551905134
19,44%,2.581,62,87.30%,,,M,White,21,50,2.36,N,69.80%,8417161260
,33%,2.456,61,100.00%,0,,F,White,48,16,2.38,N,73.30%,5356564345
23,67%,2.797,57,96.60%,,,F,White,23,40,2.43,N,68.40%,3981959481
,30%,3.231,98,82.00%,,,M,Black/African American,23,17,2.45,N,72.50%,4006652111
,20%,3.191,71,100.00%,,,F,White,21,22,2.48,Y,68.60%,8347708035
,33%,2.333,9,75.00%,0,,F,Non Specified,28,6,2.5,N,61.10%,8493610627
17.5,33%,2.758,69,93.20%,,,F,White,23,50,2.57,N,77.00%,8367165143
17,40%,2.813,19,72.70%,,,F,White,19,7,2.57,N,64.10%,3676055045
22,100%,2.857,30,72.40%,,,M,White,19,15,2.6,N,68.10%,2932719830
22,67%,2.9,27,90.00%,,,F,White,19,21,2.63,N,75.00%,3834501285
,25%,2.702,77,95.00%,,,F,White,21,20,2.65,N,62.00%,7997566817
24.5,100%,2.8,50,94.30%,,,F,White,18,41,2.76,N,72.10%,5278508836
20,100%,3.098,61,100.00%,,,F,White,21,49,2.77,N,79.20%,2066029157
,,3,25,87.50%,,,M,Non Specified,24,15,2.8,N,57.50%,5203918450
26,100%,3.198,86,92.00%,,,M,Non Specified,23,66,2.85,N,71.80%,8996743963
27,100%,3.509,77,100.00%,,,F,White,25,24,3,Y,80.10%,3019682948
,50%,3.391,70,100.00%,,,F,White,21,27,3,N,79.40%,4349629670
16.8,17%,3.457,71,94.70%,,,F,White,35,6,3,N,81.20%,5702140770
,,3.031,105,100.00%,,,F,White,41,9,3,Y,74.30%,7326464743
,0%,2.229,148,62.10%,,,M,White,27,6,3,N,77.80%,8161249564
25,100%,2.615,13,100.00%,,,M,White,18,3,3,N,81.80%,8243386208
16,13%,3.27,80,93.00%,,,M,White,22,46,3.02,N,70.40%,9537499353
,,3.02,61,83.90%,,,F,White,23,38,3.02,N,71.30%,8125581963
,,3.327,325.1,84.90%,,,F,White,61,27,3.11,N,73.60%,4851748092
,50%,2.917,64,80.00%,0,,M,Two or More Races,27,22,3.14,N,69.00%,8500125422
26,100%,3.346,96,89.00%,,,F,White,22,33,3.18,Y,69.00%,1715686353
,43%,3.507,71,100.00%,,,M,White,20,15,3.2,Y,73.70%,3943519100
,33%,3.289,78.6,88.30%,,,F,White,21,59,3.24,N,85.30%,4827626494
17.33333333,27%,3.5,30,100.00%,,,F,Non Specified,18,22,3.32,N,59.80%,3885966783
19,43%,3.6,15,83.30%,,,F,Black/African American,18,9,3.33,N,77.10%,4727841750
26,100%,3.4,45,100.00%,,,F,White,19,32,3.34,N,66.10%,6365283545
21.5,73%,3.485,68,100.00%,,,F,White,18,29,3.38,N,70.00%,6836915563
20,50%,3.5,24,100.00%,,,F,White,19,15,3.4,N,68.40%,3219542142
19.66666667,60%,3.5,18,100.00%,,,F,White,19,15,3.4,N,84.70%,8258395094
,0%,3.541,83,95.50%,,,F,White,52,22,3.41,N,71.10%,3852009461
,,3.569,130,97.50%,,,F,White,39,18,3.5,N,71.70%,4552139340
22,100%,3,17,54.80%,,,M,White,19,12,3.5,N,71.20%,6640939242
23,100%,3.544,68,100.00%,,,M,Two or More Races,20,55,3.53,N,47.20%,1989278393
24,100%,3.6,59,100.00%,,,F,White,20,39,3.54,N,72.00%,9872971431
19,50%,3.333,21,100.00%,,,F,White,18,15,3.6,N,69.30%,9305424611
,,3.5,12,100.00%,,,M,White,20,9,3.67,N,74.70%,1435744988
,100%,3.75,24,100.00%,,,F,Black/African American,18,18,3.67,N,70.90%,2887272189
,,3.6,15,100.00%,,,M,White,21,9,3.67,N,47.30%,3834442141
,0%,3.6,25,100.00%,,,M,White,21,9,3.67,N,72.90%,5775521994
26,100%,3.661,62,100.00%,,,M,White,18,56,3.68,N,90.30%,4697753017
,100%,3.759,63,100.00%,,,M,White,19,26,3.73,N,73.60%,7507177169
,67%,3.585,66,100.00%,,,F,Asian,28,24,3.75,N,70.30%,2238448759
26,100%,3.881,71,98.30%,,,F,White,18,47,3.91,N,73.90%,8310236526
30,89%,3.941,51,100.00%,,,M,White,18,39,3.92,N,70.50%,9644340466
,,2.761,65.5,87.90%,,,F,White,47,22,3.95,N,75.20%,1070411276
,100%,4,16,100.00%,,,F,White,18,13,4,N,81.90%,1773924940
,,3.875,99,84.80%,,,M,White,28,3,4,N,83.30%,3975086870
,0%,3.25,18,100.00%,,,F,Hispanic/Latino,25,3,4,N,67.40%,4947883553
,0%,4,16,100.00%,,,F,Hispanic/Latino,30,3,4,N,80.30%,5643485627
25,100%,4,51,100.00%,,,F,White,18,41,4,N,76.50%,5812622570
,,4,61,100.00%,,,F,White,26,3,4,N,81.30%,6007697926
,25%,3.55,107.13,97.30%,,,F,White,41,13,4,N,73.60%,7778300975
,,4,3,100.00%,,,M,White,25,3,4,N,88.80%,8966920046
24,100%,4,34.4,100.00%,,,F,White,18,28,4,N,79.30%,9879850118
15,0%,3,3,50.00%,,,M,Black/African American,18,,,N,59.40%,5528301432
,,4,1,100.00%,,,F,White,40,,,N,77.10%,2875003778
13,0%,3,3,50.00%,,,M,White,18,,,N,69.50%,3493470907
,0%,3,7,100.00%,,,M,Hispanic/Latino,20,,,N,74.50%,3938626941
,,4,105,100.00%,,,M,White,29,,,N,73.10%,6763056256
19,67%,1,13,25.00%,,,M,Black/African American,19,,,N,73.20%,7048070655
23,100%,3,143,100.00%,,,M,White,27,,,N,81.80%,7142879907
,,4,2,100.00%,,,F,White,53,,,N,84.30%,7246947188
,,4,73,100.00%,,,M,White,48,,,N,78.10%,7265371283
13,0%,2.5,6,100.00%,,,F,Non Specified,19,,,N,45.70%,7272174831
,0%,2.5,6,37.50%,0,,F,White,42,,,N,67.40%,7514105875
,0%,3,17,100.00%,,,F,Black/African American,24,,,N,54.30%,7598248896
,67%,4,3,100.00%,0,,F,Hispanic/Latino,29,,,N,68.40%,7667784407
,0%,3.5,12,100.00%,0,,U,Black/African American,36,,,N,66.90%,8666801805
15,0%,4,3,100.00%,,,F,Black/African American,19,,,N,53.80%,9261242645